{"stats":{"minecraft:mined":{"minecraft:coal_ore":26,"minecraft:grass":5,"minecraft:grass_block":2,"minecraft:potatoes":9,"minecraft:oak_log":5,"minecraft:poppy":1,"minecraft:jungle_log":2,"minecraft:dirt":7,"minecraft:copper_ore":5,"minecraft:stone":16,"minecraft:oxeye_daisy":1,"minecraft:oak_leaves":7},"minecraft:picked_up":{"swem:timothy_seeds":1,"minecraft:jungle_log":2,"minecraft:potato":39,"minecraft:knowledge_book":1,"minecraft:oak_log":5,"minecraft:dirt":9,"minecraft:raw_copper":18,"born_in_chaos_v1:intoxicating_decoction":4,"minecraft:rotten_flesh":11,"minecraft:poppy":1,"minecraft:oak_sapling":4,"minecraft:coal":27,"minecraft:cobblestone":16,"minecraft:oxeye_daisy":1},"minecraft:dropped":{"minecraft:oxeye_daisy":1,"minecraft:poppy":1,"ars_nouveau:worn_notebook":1,"alexsmobs:animal_dictionary":1,"weaponmaster:tutorialbook":1,"minecraft:knowledge_book":31,"patchouli:guide_book":2},"minecraft:killed":{"born_in_chaos_v1:zombie_clown":2},"minecraft:crafted":{"minecraft:oak_planks":20,"minecraft:crafting_table":1,"minecraft:stick":4,"minecraft:wooden_pickaxe":1,"minecraft:stone_pickaxe":1,"minecraft:jungle_planks":8},"minecraft:custom":{"minecraft:time_since_rest":182,"minecraft:interact_with_furnace":5,"minecraft:sprint_one_cm":29392,"minecraft:damage_taken":185,"minecraft:walk_one_cm":86241,"minecraft:mob_kills":4,"minecraft:drop":38,"minecraft:damage_dealt":715,"minecraft:interact_with_crafting_table":4,"minecraft:fly_one_cm":18291,"minecraft:open_chest":9,"minecraft:crouch_one_cm":3942,"minecraft:play_time":45732,"minecraft:sneak_time":2071,"minecraft:walk_under_water_one_cm":1058,"minecraft:jump":148,"minecraft:leave_game":12,"minecraft:time_since_death":45732,"minecraft:walk_on_water_one_cm":1677,"minecraft:sleep_in_bed":1,"minecraft:total_world_time":45732,"minecraft:climb_one_cm":734,"minecraft:fall_one_cm":3315},"minecraft:used":{"minecraft:knowledge_book":143,"eternal_tales:eternal_town_spawner":1,"minecraft:stone_pickaxe":44,"minecraft:wooden_pickaxe":5,"minecraft:stone_hoe":15,"minecraft:cookie":3,"minecraft:crafting_table":1,"minecraft:potato":23}},"DataVersion":3465}