{"stats":{"minecraft:mined":{"minecraft:potatoes":9,"minecraft:oxeye_daisy":1,"minecraft:poppy":1,"minecraft:grass":3},"minecraft:picked_up":{"born_in_chaos_v1:intoxicating_decoction":4,"minecraft:rotten_flesh":11,"minecraft:potato":38,"minecraft:knowledge_book":1,"minecraft:poppy":1,"minecraft:oxeye_daisy":1},"minecraft:dropped":{"minecraft:knowledge_book":31,"ars_nouveau:worn_notebook":1,"alexsmobs:animal_dictionary":1,"weaponmaster:tutorialbook":1,"patchouli:guide_book":2,"minecraft:oxeye_daisy":1},"minecraft:killed":{"born_in_chaos_v1:zombie_clown":2},"minecraft:custom":{"minecraft:time_since_rest":37276,"minecraft:open_chest":7,"minecraft:crouch_one_cm":816,"minecraft:play_time":37276,"minecraft:sprint_one_cm":13605,"minecraft:walk_one_cm":71766,"minecraft:damage_taken":185,"minecraft:sneak_time":160,"minecraft:walk_under_water_one_cm":1058,"minecraft:mob_kills":4,"minecraft:drop":37,"minecraft:jump":96,"minecraft:damage_dealt":715,"minecraft:leave_game":11,"minecraft:walk_on_water_one_cm":1677,"minecraft:time_since_death":37276,"minecraft:climb_one_cm":734,"minecraft:total_world_time":37276,"minecraft:fall_one_cm":2897,"minecraft:fly_one_cm":9678},"minecraft:used":{"minecraft:knowledge_book":142,"minecraft:cookie":3,"eternal_tales:eternal_town_spawner":1,"minecraft:stone_hoe":14}},"DataVersion":3465}